1,vkjpui
2,0ft0q0
3,1zwsjk
4,9pmy5w
5,psw1nf
6,oaobc6
7,ope3cu
8,6go3td
9,9c8kyl
10,3rrut9
11,gkdwcz
12,ylosvx
13,s5gu91
14,aif5pq
15,qou7ox
16,drd66f
17,3flpcq
18,56ynd7
19,3kcrgn
20,8eggja
21,e0fk3i
22,1rus4d
23,jhpifz
24,ji50hi
25,s8xl17
26,t1xk0e
27,mhjjag
28,02ctik
29,0pboxj
30,fizp3c
31,ahqies
32,y2pvr0
33,r4kken
34,m5hjew
35,v0z71m
36,2kmg4f
37,mnye88
38,l60oq2
39,ipazw8
40,nj056z
41,xsuhln
42,h50jse
43,wcsld4
44,s7l4ig
45,7wj6v8
46,t17zec
47,19eui3
48,9h068s
49,hdqq44
50,8fg66o
51,bkw2ho
52,i2k31c
53,sllexy
54,bxf8pj
55,6tn0rl
56,abnqwm
57,36bddy
58,ajiwkn
59,1e7hxg
60,fvb3ku
61,pcj1zq
62,5h4tnu
63,o9iiql
64,kmsglu
65,jj3stx
66,1jilp8
67,0f0snk
68,y3d3i4
69,631b1p
70,7ia898
71,splrdi
72,wy7izj
73,b9h0vm
74,rav2hp
75,gcgq71
76,a2906j
77,34lmow
78,eaq4d5
79,fpqwf4
80,h8ghgj
81,7b99z1
82,umc4sa
83,q2xahb
84,9794uu
85,wxsrcl
86,3h4kka
87,3ext2b
88,uejwrf
89,friqzn
90,zo93mf
91,i4pu6a
92,0ybbsw
93,hafot7
94,ixw0e2
95,gk7wv4
96,69u8nh
97,oqoc1u
98,mqyin2
99,ibj2vj