1,0r9kuh
2,ajfs5b
3,2rnurm
4,dgt0s0
5,f7f847
6,35cvug
7,spor5t
8,3pu9pm
9,sg01sn
10,2be1cw
11,ou860l
12,7wi0zv
13,8q9iha
14,1cu7u7
15,p67dsz
16,qb82kj
17,djxk4v
18,3skor2
19,ykeonh
20,nme7w1
21,dxfuzn
22,kp9n55
23,iwki49
24,owq1y1
25,aeuy4v
26,yddr2a
27,az1tsh
28,uttk77
29,kywch8
30,rv0k62
31,fibn58
32,woew29
33,mn3dsj
34,njxho5
35,fvp0m8
36,cdtwwr
37,i01ncb
38,zfus76
39,oiqzm7
40,uhpqqn
41,zutx1b
42,q6zh7o
43,x9emhy
44,m6jso5
45,08snm8
46,bhfjzr
47,p16nk9
48,i9xc0h
49,f0bwbo
50,82ue5q
51,stznhj
52,ldxyzj
53,7w2sxy
54,q1e7dq
55,kp1ges
56,1mxa2h
57,jmglzh
58,7h1ehd
59,ymqbcy
60,gtsoxu
61,3qy9p4
62,e3hssg
63,uasyif
64,0ug6cy
65,qquj2p
66,9rq1ps
67,dh4mac
68,4hg8h5
69,3h4ftc
70,v5yxz0
71,im47tq
72,bac08t
73,t2by49
74,llgypx
75,vbgvja
76,o0qmyt
77,mswzj3
78,yp96lb
79,sussja
80,srlbve
81,1gbr4i
82,gngvig
83,xs93kh
84,rsmcpx
85,u6byk9
86,ahfjab
87,e2o9w7
88,bqbj91
89,hy0luj